{"scope_nivel": "departamento", "partidos": ["PATRIA-UNIDOS", "MNR"], "scopes": {"8": {"MNR": 0.4702, "PATRIA-UNIDOS": 0.5298}}, "recintos": {"2526.1": {"MNR": 0.4377, "PATRIA-UNIDOS": 0.5623}, "2526.10": {"MNR": 0.3487, "PATRIA-UNIDOS": 0.6513}, "2526.11": {"MNR": 0.3834, "PATRIA-UNIDOS": 0.6166}, "2526.13": {"MNR": 0.3772, "PATRIA-UNIDOS": 0.6228}, "2526.14": {"MNR": 0.3616, "PATRIA-UNIDOS": 0.6384}, "2526.15": {"MNR": 0.4786, "PATRIA-UNIDOS": 0.5214}, "2526.16": {"MNR": 0.3904, "PATRIA-UNIDOS": 0.6096}, "2526.18": {"MNR": 0.359, "PATRIA-UNIDOS": 0.641}, "2526.19": {"MNR": 0.4127, "PATRIA-UNIDOS": 0.5873}, "2526.2": {"MNR": 0.333, "PATRIA-UNIDOS": 0.667}, "2526.20": {"MNR": 0.4624, "PATRIA-UNIDOS": 0.5376}, "2526.24": {"MNR": 0.3723, "PATRIA-UNIDOS": 0.6277}, "2526.25027": {"MNR": 0.5099, "PATRIA-UNIDOS": 0.4901}, "2526.25028": {"MNR": 0.4988, "PATRIA-UNIDOS": 0.5012}, "2526.25029": {"MNR": 0.3708, "PATRIA-UNIDOS": 0.6292}, "2526.25030": {"MNR": 0.4555, "PATRIA-UNIDOS": 0.5445}, "2526.25031": {"MNR": 0.5437, "PATRIA-UNIDOS": 0.4563}, "2526.25032": {"MNR": 0.4833, "PATRIA-UNIDOS": 0.5167}, "2526.25033": {"MNR": 0.3403, "PATRIA-UNIDOS": 0.6597}, "2526.26": {"MNR": 0.4753, "PATRIA-UNIDOS": 0.5247}, "2526.26180": {"MNR": 0.347, "PATRIA-UNIDOS": 0.653}, "2526.27": {"MNR": 0.4206, "PATRIA-UNIDOS": 0.5794}, "2526.29": {"MNR": 0.6346, "PATRIA-UNIDOS": 0.3654}, "2526.30": {"MNR": 0.2869, "PATRIA-UNIDOS": 0.7131}, "2526.31": {"MNR": 0.4428, "PATRIA-UNIDOS": 0.5572}, "2526.32": {"MNR": 0.374, "PATRIA-UNIDOS": 0.626}, "2526.32003": {"MNR": 0.3753, "PATRIA-UNIDOS": 0.6247}, "2526.32005": {"MNR": 0.5098, "PATRIA-UNIDOS": 0.4902}, "2526.32007": {"MNR": 0.3747, "PATRIA-UNIDOS": 0.6253}, "2526.32008": {"MNR": 0.3318, "PATRIA-UNIDOS": 0.6682}, "2526.32009": {"MNR": 0.3542, "PATRIA-UNIDOS": 0.6458}, "2526.32010": {"MNR": 0.3993, "PATRIA-UNIDOS": 0.6007}, "2526.32011": {"MNR": 0.385, "PATRIA-UNIDOS": 0.615}, "2526.32012": {"MNR": 0.4687, "PATRIA-UNIDOS": 0.5313}, "2526.32013": {"MNR": 0.3774, "PATRIA-UNIDOS": 0.6226}, "2526.32014": {"MNR": 0.4719, "PATRIA-UNIDOS": 0.5281}, "2526.32147": {"MNR": 0.4142, "PATRIA-UNIDOS": 0.5858}, "2526.32148": {"MNR": 0.4922, "PATRIA-UNIDOS": 0.5078}, "2526.32150": {"MNR": 0.3636, "PATRIA-UNIDOS": 0.6364}, "2526.32370": {"MNR": 0.5165, "PATRIA-UNIDOS": 0.4835}, "2526.40": {"MNR": 0.4722, "PATRIA-UNIDOS": 0.5278}, "2526.5": {"MNR": 0.4595, "PATRIA-UNIDOS": 0.5405}, "2526.6": {"MNR": 0.4435, "PATRIA-UNIDOS": 0.5565}, "2526.7": {"MNR": 0.3972, "PATRIA-UNIDOS": 0.6028}, "2526.8": {"MNR": 0.3602, "PATRIA-UNIDOS": 0.6398}, "2526.9": {"MNR": 0.3423, "PATRIA-UNIDOS": 0.6577}, "2527.1": {"MNR": 0.3606, "PATRIA-UNIDOS": 0.6394}, "2528.1": {"MNR": 0.4, "PATRIA-UNIDOS": 0.6}, "2529.1": {"MNR": 0.4401, "PATRIA-UNIDOS": 0.5599}, "2530.2": {"MNR": 0.5546, "PATRIA-UNIDOS": 0.4454}, "2532.2": {"MNR": 0.6316, "PATRIA-UNIDOS": 0.3684}, "2534.1": {"MNR": 0.217, "PATRIA-UNIDOS": 0.783}, "2535.2": {"MNR": 0.2075, "PATRIA-UNIDOS": 0.7925}, "2539.2": {"MNR": 0.4983, "PATRIA-UNIDOS": 0.5017}, "2540.1": {"MNR": 0.4819, "PATRIA-UNIDOS": 0.5181}, "2540.10": {"MNR": 0.4852, "PATRIA-UNIDOS": 0.5148}, "2540.11": {"MNR": 0.5099, "PATRIA-UNIDOS": 0.4901}, "2540.12": {"MNR": 0.5081, "PATRIA-UNIDOS": 0.4919}, "2540.13": {"MNR": 0.4878, "PATRIA-UNIDOS": 0.5122}, "2540.14": {"MNR": 0.5163, "PATRIA-UNIDOS": 0.4837}, "2540.15": {"MNR": 0.5104, "PATRIA-UNIDOS": 0.4896}, "2540.16": {"MNR": 0.4572, "PATRIA-UNIDOS": 0.5428}, "2540.17": {"MNR": 0.521, "PATRIA-UNIDOS": 0.479}, "2540.18": {"MNR": 0.5238, "PATRIA-UNIDOS": 0.4762}, "2540.19": {"MNR": 0.4246, "PATRIA-UNIDOS": 0.5754}, "2540.20": {"MNR": 0.456, "PATRIA-UNIDOS": 0.544}, "2540.21": {"MNR": 0.4917, "PATRIA-UNIDOS": 0.5083}, "2540.22": {"MNR": 0.4652, "PATRIA-UNIDOS": 0.5348}, "2540.23": {"MNR": 0.478, "PATRIA-UNIDOS": 0.522}, "2540.25574": {"MNR": 0.4918, "PATRIA-UNIDOS": 0.5082}, "2540.26355": {"MNR": 0.495, "PATRIA-UNIDOS": 0.505}, "2540.26356": {"MNR": 0.5151, "PATRIA-UNIDOS": 0.4849}, "2540.26357": {"MNR": 0.4973, "PATRIA-UNIDOS": 0.5027}, "2540.26358": {"MNR": 0.484, "PATRIA-UNIDOS": 0.516}, "2540.3": {"MNR": 0.4955, "PATRIA-UNIDOS": 0.5045}, "2540.32016": {"MNR": 0.4316, "PATRIA-UNIDOS": 0.5684}, "2540.32119": {"MNR": 0.6104, "PATRIA-UNIDOS": 0.3896}, "2540.4": {"MNR": 0.5285, "PATRIA-UNIDOS": 0.4715}, "2540.6": {"MNR": 0.4534, "PATRIA-UNIDOS": 0.5466}, "2540.8": {"MNR": 0.474, "PATRIA-UNIDOS": 0.526}, "2540.9": {"MNR": 0.4434, "PATRIA-UNIDOS": 0.5566}, "2542.1": {"MNR": 0.6923, "PATRIA-UNIDOS": 0.3077}, "2543.1": {"MNR": 0.5392, "PATRIA-UNIDOS": 0.4608}, "2546.1": {"MNR": 0.6824, "PATRIA-UNIDOS": 0.3176}, "2548.1": {"MNR": 0.6133, "PATRIA-UNIDOS": 0.3867}, "2549.1": {"MNR": 0.6634, "PATRIA-UNIDOS": 0.3366}, "2551.1": {"MNR": 0.5694, "PATRIA-UNIDOS": 0.4306}, "2555.1": {"MNR": 0.6422, "PATRIA-UNIDOS": 0.3578}, "2555.2": {"MNR": 0.5738, "PATRIA-UNIDOS": 0.4262}, "2555.3": {"MNR": 0.5961, "PATRIA-UNIDOS": 0.4039}, "2559.1": {"MNR": 0.3814, "PATRIA-UNIDOS": 0.6186}, "2559.2": {"MNR": 0.3798, "PATRIA-UNIDOS": 0.6202}, "2559.25860": {"MNR": 0.4283, "PATRIA-UNIDOS": 0.5717}, "2559.3": {"MNR": 0.4548, "PATRIA-UNIDOS": 0.5452}, "2559.4": {"MNR": 0.4751, "PATRIA-UNIDOS": 0.5249}, "2559.5": {"MNR": 0.4345, "PATRIA-UNIDOS": 0.5655}, "2559.6": {"MNR": 0.3922, "PATRIA-UNIDOS": 0.6078}, "2560.1": {"MNR": 0.2016, "PATRIA-UNIDOS": 0.7984}, "2561.1": {"MNR": 0.3794, "PATRIA-UNIDOS": 0.6206}, "2562.1": {"MNR": 0.2456, "PATRIA-UNIDOS": 0.7544}, "2563.26361": {"MNR": 0.5337, "PATRIA-UNIDOS": 0.4663}, "2564.1": {"MNR": 0.4306, "PATRIA-UNIDOS": 0.5694}, "2565.1": {"MNR": 0.4515, "PATRIA-UNIDOS": 0.5485}, "2566.1": {"MNR": 0.5433, "PATRIA-UNIDOS": 0.4567}, "2568.1": {"MNR": 0.1212, "PATRIA-UNIDOS": 0.8788}, "2569.1": {"MNR": 0.5101, "PATRIA-UNIDOS": 0.4899}, "2570.1": {"MNR": 0.3499, "PATRIA-UNIDOS": 0.6501}, "2571.1": {"MNR": 0.3952, "PATRIA-UNIDOS": 0.6048}, "2573.1": {"MNR": 0.4059, "PATRIA-UNIDOS": 0.5941}, "2573.25859": {"MNR": 0.3815, "PATRIA-UNIDOS": 0.6185}, "2581.1": {"MNR": 0.4113, "PATRIA-UNIDOS": 0.5887}, "2581.2": {"MNR": 0.4996, "PATRIA-UNIDOS": 0.5004}, "2581.25861": {"MNR": 0.3836, "PATRIA-UNIDOS": 0.6164}, "2581.3": {"MNR": 0.4507, "PATRIA-UNIDOS": 0.5493}, "2581.32021": {"MNR": 0.4694, "PATRIA-UNIDOS": 0.5306}, "2581.32116": {"MNR": 0.3353, "PATRIA-UNIDOS": 0.6647}, "2582.1": {"MNR": 0.8605, "PATRIA-UNIDOS": 0.1395}, "2583.1": {"MNR": 0.7083, "PATRIA-UNIDOS": 0.2917}, "2584.1": {"MNR": 0.6047, "PATRIA-UNIDOS": 0.3953}, "2585.1": {"MNR": 0.2857, "PATRIA-UNIDOS": 0.7143}, "2586.1": {"MNR": 0.5542, "PATRIA-UNIDOS": 0.4458}, "2587.1": {"MNR": 0.75, "PATRIA-UNIDOS": 0.25}, "2596.2": {"MNR": 0.5593, "PATRIA-UNIDOS": 0.4407}, "2596.26360": {"MNR": 0.5693, "PATRIA-UNIDOS": 0.4307}, "2596.32433": {"MNR": 0.5445, "PATRIA-UNIDOS": 0.4555}, "2597.1": {"MNR": 0.1, "PATRIA-UNIDOS": 0.9}, "2598.1": {"MNR": 0.4919, "PATRIA-UNIDOS": 0.5081}, "2600.1": {"MNR": 0.8427, "PATRIA-UNIDOS": 0.1573}, "2601.1": {"MNR": 0.3981, "PATRIA-UNIDOS": 0.6019}, "2602.1": {"MNR": 0.5566, "PATRIA-UNIDOS": 0.4434}, "2603.1": {"MNR": 0.5849, "PATRIA-UNIDOS": 0.4151}, "2604.1": {"MNR": 0.5027, "PATRIA-UNIDOS": 0.4973}, "2605.1": {"MNR": 0.4005, "PATRIA-UNIDOS": 0.5995}, "2606.1": {"MNR": 0.1864, "PATRIA-UNIDOS": 0.8136}, "2608.1": {"MNR": 0.4138, "PATRIA-UNIDOS": 0.5862}, "2609.1": {"MNR": 0.4724, "PATRIA-UNIDOS": 0.5276}, "2610.1": {"MNR": 0.2927, "PATRIA-UNIDOS": 0.7073}, "2611.1": {"MNR": 0.3976, "PATRIA-UNIDOS": 0.6024}, "2612.2": {"MNR": 0.7984, "PATRIA-UNIDOS": 0.2016}, "2612.3": {"MNR": 0.7734, "PATRIA-UNIDOS": 0.2266}, "2616.1": {"MNR": 0.3364, "PATRIA-UNIDOS": 0.6636}, "2617.1": {"MNR": 0.4419, "PATRIA-UNIDOS": 0.5581}, "2618.1": {"MNR": 0.6106, "PATRIA-UNIDOS": 0.3894}, "2619.1": {"MNR": 0.9524, "PATRIA-UNIDOS": 0.0476}, "2620.1": {"MNR": 0.9737, "PATRIA-UNIDOS": 0.0263}, "2621.1": {"MNR": 0.7895, "PATRIA-UNIDOS": 0.2105}, "2622.1": {"MNR": 0.973, "PATRIA-UNIDOS": 0.027}, "2624.1": {"MNR": 0.3631, "PATRIA-UNIDOS": 0.6369}, "2625.1": {"MNR": 0.7667,